buurtcombinatie,postcode_min,postcode_max
A00,1012AC,1012JP
A00,1012JS,1012JW
A00,1012JZ,1012JZ
A00,1012KC,1012KG
A00,1012KJ,1012KP
A00,1012RA,1012RA
A00,1012XT,1012XT
A00,1012XX,1012XX
A00,1012ZA,1012ZA
A00,1012ZD,1012ZJ
A01,1012AA,1012AB
A01,1012JN,1012JP
A01,1012KB,1012KB
A01,1012KR,1012ML
A01,1012MN,1012MV
A01,1012MX,1012PZ
A01,1012RB,1012VK
A01,1012VM,1012VZ
A01,1012WB,1012WC
A01,1012WE,1012WL
A01,1012WN,1012WV
A01,1012WX,1012XS
A01,1012XW,1012XW
A01,1012XZ,1012XZ
A01,1012ZH,1012ZH
A01,1012ZK,1012ZL
A02,1015AA,1015AW
A02,1015BA,1015CL
A02,1015CN,1015DT
A02,1015GA,1015GC
A02,1016AA,1016CP
A02,1016DB,1016GZ
A02,1016HK,1016HV
A03,1017AA,1017AN
A03,1017AV,1017HL
A03,1017HV,1017JK
A03,1017JT,1017KD
A03,1017KL,1017KP
A03,1017LJ,1017LL
A03,1017LR,1017LV
A03,1017NA,1017NC
A03,1017NS,1017NV
A03,1017NX,1017NX
A03,1017PA,1017PD
A03,1017VH,1017VL
A03,1017VN,1017VS
A04,1011AB,1011BD
A04,1011BG,1011CE
A04,1011CH,1011CZ
A04,1011DB,1011DD
A04,1011DG,1011DL
A04,1011DZ,1011EN
A04,1011ER,1011GD
A04,1011GG,1011KE
A04,1011KH,1011KK
A04,1011KM,1011LE
A04,1011LH,1011MC
A04,1011ME,1011ML
A04,1011MN,1011MV
A04,1011MX,1011NH
A04,1011NK,1011NK
A04,1011NM,1011NS
A04,1011NV,1011NV
A04,1011NX,1011PG
A04,1011PL,1011PN
A04,1011PT,1011PW
A04,1011PZ,1011SG
A04,1011SK,1011SK
A04,1011SM,1011TG
A04,1011TJ,1011VM
A04,1011VP,1011VT
A04,1011VW,1011VZ
A04,1011WB,1011WD
A04,1011XA,1011XA
A04,1012CR,1012CR
A05,1013AA,1013AB
A05,1013AD,1013AG
A05,1013AV,1013AV
A05,1013AZ,1013AZ
A05,1013BH,1013BH
A05,1013BP,1013BR
A05,1013BV,1013BX
A05,1013CG,1013CG
A05,1013CT,1013CT
A05,1013CW,1013CW
A05,1013DA,1013DP
A05,1013EA,1013GT
A05,1013GW,1013HH
A05,1013HK,1013KX
A05,1013LA,1013LC
A05,1013LE,1013LJ
A05,1013LL,1013LR
A05,1013LT,1013LV
A05,1013LX,1013MN
A05,1013MR,1013MV
A06,1015DV,1015EB
A06,1015GC,1015GZ
A06,1015HB,1015MB
A06,1015MD,1015ML
A06,1015MN,1015MV
A06,1015MX,1015NL
A06,1015NP,1015RN
A06,1015RR,1015TE
A06,1015TH,1015VZ
A06,1015WB,1015WL
A06,1015WN,1015WV
A06,1015WX,1015XE
A06,1015XH,1015XX
A06,1015ZA,1015ZB
A06,1015ZD,1015ZL
A06,1015ZN,1015ZR
A06,1016CR,1016CT
A06,1016CW,1016DA
A06,1016HA,1016HJ
A06,1016HW,1016JC
A06,1016KA,1016MC
A06,1016NA,1016NV
A06,1016NX,1016SC
A06,1016SG,1016SV
A06,1016SX,1016VZ
A06,1016WB,1016WC
A06,1016XA,1016ZB
A07,1017AN,1017AS
A07,1017HM,1017HT
A07,1017JL,1017JS
A07,1017KE,1017KK
A07,1017KR,1017LH
A07,1017LM,1017LP
A07,1017LW,1017MC
A07,1017NC,1017NR
A07,1017NX,1017NZ
A07,1017PE,1017VG
A07,1017VL,1017VM
A07,1017VS,1017VZ
A07,1017WB,1017WL
A07,1017WN,1017WP
A07,1017WS,1017WV
A07,1017WZ,1017ZX
A08,1018AN,1018AN
A08,1018AV,1018AV
A08,1018BX,1018BZ
A08,1018CC,1018CH
A08,1018CK,1018GB
A08,1018GD,1018HK
A08,1018SP,1018VZ
A08,1018WB,1018WH
A08,1018WK,1018WL
A08,1018WN,1018WV
A08,1018WZ,1018ZA
A08,1018ZC,1018ZC
A08,1018ZV,1018ZV
A09,1018AA,1018AM
A09,1018AP,1018BX
A09,1018CC,1018CC
A09,1018HL,1018KX
A09,1018LD,1018PL
A09,1018PR,1018RN
A09,1018RR,1018SN
A09,1018WA,1018WA
A09,1018WJ,1018WJ
A09,1018WM,1018WM
A09,1018WW,1018WW
A09,1018ZC,1018ZT
A09,1018ZW,1018ZZ
A09,1019BS,1019BT
B10,1013AC,1013AC
B10,1013AK,1013AK
B10,1013AM,1013AM
B10,1013AP,1013AR
B10,1013BB,1013BG
B10,1013BJ,1013BM
B10,1013BS,1013BT
B10,1013CX,1013CX
B10,1014BC,1014BD
B10,1014BJ,1014BK
B10,1014BM,1014BP
B10,1014BS,1014BW
B10,1014BZ,1014BZ
B10,1041AB,1041AZ
B10,1041BC,1041BE
B10,1042AA,1042AH
B10,1042AK,1042AL
B10,1042AN,1042AV
B10,1042AX,1042BB
B10,1043AJ,1043AM
B10,1043AP,1043AP
B10,1044AB,1044AB
B10,1044AD,1044AN
B10,1044AS,1044AS
B10,1045AA,1045AA
B10,1045AC,1045AG
B10,1045AL,1045AM
B10,1045AP,1045AV
B10,1045AX,1045BA
B10,1046BK,1046BK
B10,1046BR,1046BR
B10,1047AH,1047AH
B10,1047BA,1047BE
B10,1047BJ,1047BJ
B10,1047BM,1047BM
B10,1047BP,1047BP
B10,1047HB,1047HB
B10,1047HD,1047HD
B10,1047HG,1047HK
B10,1047HM,1047HP
E12,1013AE,1013AE
E12,1013AK,1013AL
E12,1013AS,1013AS
E12,1013AW,1013AW
E12,1013BD,1013BD
E12,1013BX,1013BX
E12,1013CR,1013CR
E12,1013CZ,1013CZ
E12,1013ZZ,1013ZZ
E12,1014ZA,1014ZB
E12,1014ZG,1014ZG
E13,1013BX,1013CE
E13,1013CH,1013CS
E13,1013DR,1013DZ
E13,1013LC,1013LD
E13,1013MP,1013MR
E13,1013MV,1013MV
E13,1013MX,1013NV
E13,1013NX,1013PX
E13,1013RA,1013TP
E13,1013TX,1013TX
E13,1013VB,1013VB
E13,1013VD,1013VD
E13,1013VG,1013VZ
E13,1013WB,1013WL
E13,1013WN,1013WV
E13,1013WZ,1013XH
E13,1013XL,1013XM
E13,1013XP,1013ZX
E13,1014AA,1014AA
E13,1014AJ,1014AK
E13,1014AZ,1014AZ
E13,1014BE,1014BE
E13,1014BX,1014BX
E13,1014DA,1014DD
E14,1051AA,1051AC
E14,1051AK,1051AP
E14,1051AS,1051BE
E14,1051BH,1051CE
E14,1051CJ,1051DA
E14,1051DC,1051DC
E14,1051EA,1051HS
E14,1051HV,1051KD
E14,1051KG,1051KJ
E14,1051KN,1051LE
E14,1051MA,1051MH
E14,1051ML,1051ML
E14,1051RE,1051RL
E14,1051TG,1051VZ
E14,1051XA,1051XA
E14,1051XC,1051XW
E14,1051XZ,1051XZ
E14,1052AA,1052BP
E14,1052BW,1052CC
E14,1052CE,1052CM
E14,1052DC,1052DG
E15,1051BX,1051BX
E15,1051CE,1051CH
E15,1051DB,1051DB
E15,1051DD,1051DG
E15,1051HH,1051HH
E15,1051KE,1051KE
E15,1051KM,1051KM
E15,1051LG,1051LK
E15,1051LM,1051MA
E15,1051MJ,1051MK
E15,1051NA,1051NL
E15,1051NN,1051NN
E15,1051NV,1051PZ
E15,1054LH,1054LH
E16,1015ZE,1015ZG
E16,1052BR,1052BV
E16,1052CN,1052DA
E16,1052EA,1052ED
E16,1052EL,1052GX
E16,1052HA,1052KX
E16,1052LA,1052LM
E16,1052LP,1052LX
E16,1052MA,1052MA
E16,1052SL,1052SX
E16,1052TB,1052TD
E16,1052TJ,1052VZ
E16,1052WB,1052WL
E16,1052WN,1052WT
E16,1052XA,1052XT
E16,1052XW,1052XZ
E17,1052EE,1052EJ
E17,1052LN,1052LN
E17,1052MZ,1052NK
E17,1052RS,1052RS
E17,1052RZ,1052SJ
E17,1053AA,1053AE
E17,1053DT,1053EC
E17,1053KK,1053KP
E17,1053KV,1053LC
E17,1053LH,1053LT
E17,1053TZ,1053VB
E17,1053VH,1053VJ
E17,1053WG,1053WL
E17,1053WN,1053WV
E17,1053XB,1053XE
E17,1053XP,1053ZH
E17,1053ZN,1053ZP
E17,1053ZV,1053ZZ
E18,1052NL,1052NP
E18,1052RH,1052RL
E18,1052RN,1052RR
E18,1052RT,1052RW
E18,1053AE,1053BZ
E18,1053CC,1053CC
E18,1053CE,1053CG
E18,1053CL,1053DA
E18,1053ED,1053EN
E18,1053GA,1053GK
E18,1053GP,1053GP
E18,1053GW,1053GW
E18,1053RJ,1053RJ
E18,1053RM,1053RT
E18,1053RW,1053RW
E18,1053SB,1053SC
E18,1053SJ,1053TJ
E18,1053TM,1053TX
E18,1053VC,1053VG
E18,1053VN,1053VN
E18,1053WC,1053WE
E18,1053XL,1053XL
E19,1053CC,1053CD
E19,1053CH,1053CH
E19,1053CK,1053CK
E19,1053DB,1053DS
E19,1053EP,1053EX
E19,1053GM,1053GN
E19,1053GR,1053GV
E19,1053GX,1053GX
E19,1053HA,1053HW
E19,1053JB,1053JS
E19,1053JZ,1053KJ
E19,1053KR,1053KT
E19,1053LD,1053LG
E19,1053LV,1053MC
E19,1053MH,1053ML
E19,1053MN,1053MV
E19,1053MX,1053MZ
E19,1053NC,1053NP
E19,1053NT,1053NV
E19,1053NX,1053PH
E19,1053PK,1053RH
E19,1053RL,1053RL
E19,1053RP,1053RP
E19,1053RV,1053RZ
E19,1053SE,1053SH
E19,1053VK,1053VM
E19,1053VR,1053VX
E19,1053WB,1053WB
E19,1053WX,1053XA
E19,1053XE,1053XJ
E19,1053ZJ,1053ZM
E19,1053ZR,1053ZT
E20,1054AA,1054BT
E20,1054BW,1054BX
E20,1054CA,1054CR
E20,1054CT,1054CV
E20,1054CX,1054DX
E20,1054EG,1054EK
E20,1054HH,1054HR
E20,1054HX,1054JJ
E20,1054MD,1054MG
E20,1054MP,1054MV
E20,1054MX,1054MX
E20,1054NG,1054NN
E20,1054NZ,1054PA
E20,1054PD,1054PD
E20,1054PG,1054PJ
E20,1054PL,1054PS
E20,1054PV,1054PW
E20,1054RA,1054RD
E20,1054RH,1054RJ
E20,1054RL,1054RM
E20,1054RS,1054RZ
E20,1054SC,1054SM
E20,1054SP,1054SP
E20,1054VT,1054VW
E20,1054WH,1054WK
E20,1054WX,1054XA
E20,1054XH,1054XK
E20,1054XT,1054XV
E20,1054ZD,1054ZM
E21,1054DZ,1054EE
E21,1054EL,1054ER
E21,1054JM,1054LH
E21,1054LK,1054MC
E21,1054MH,1054ML
E21,1054MN,1054MN
E21,1054NA,1054NE
E21,1054SN,1054SN
E21,1054SX,1054VS
E21,1054VX,1054VZ
E21,1054WB,1054WG
E21,1054WL,1054WL
E21,1054WN,1054WV
E21,1054XA,1054XG
E21,1054XL,1054XS
E21,1054XW,1054ZC
E21,1054ZN,1054ZW
E21,1071AA,1071AA
E21,1075VS,1075VS
E22,1054BV,1054BV
E22,1054BZ,1054BZ
E22,1054CS,1054CS
E22,1054CW,1054CW
E22,1054ES,1054HG
E22,1054HS,1054HW
E22,1054JH,1054JL
E22,1054KA,1054KA
E22,1054LJ,1054LJ
E22,1071AA,1071AA
E36,1014AC,1014AK
E36,1014AM,1014AX
E36,1014BA,1014BB
E36,1014BE,1014BH
E36,1014BL,1014BL
E36,1014CB,1014CC
E36,1014CE,1014CE
E37,1051LH,1051LH
E37,1055CL,1055CM
E37,1055DK,1055DT
E37,1055EB,1055ET
E37,1055EW,1055GH
E37,1055GP,1055GS
E37,1055GW,1055ML
E37,1055MN,1055MV
E37,1055MX,1055RZ
E37,1055TK,1055VZ
E37,1055WB,1055WL
E37,1055WN,1055WV
E37,1055WX,1055ZZ
E37,1056CC,1056CG
E37,1056EM,1056ES
E37,1056GC,1056GH
E37,1056GX,1056HC
E37,1056HJ,1056HL
E37,1056HR,1056HS
E37,1056JM,1056JP
E37,1056LC,1056LD
E37,1056WV,1056WV
E37,1056WX,1056XZ
E38,1055AB,1055AB
E38,1055AD,1055AD
E38,1055AG,1055AG
E38,1055AJ,1055AK
E38,1055AM,1055DJ
E38,1055DT,1055EA
E38,1055GK,1055GP
E38,1055GT,1055GV
E38,1055SB,1055SB
E38,1055SN,1055TJ
E38,1056AX,1056BC
E38,1056CJ,1056CK
E38,1056CT,1056CZ
E38,1056DE,1056DK
E38,1056LE,1056LE
E38,1056NX,1056PD
E38,1056PN,1056PV
E38,1056RA,1056RE
E38,1056RK,1056RK
E39,1055AA,1055AA
E39,1055AD,1055AD
E39,1055RW,1055RW
E39,1055SC,1055SC
E39,1056AC,1056AW
E39,1056BD,1056BG
E39,1056LA,1056LA
E39,1061AZ,1061BR
E39,1061BT,1061CC
E39,1061CE,1061CS
E39,1061CV,1061DM
E39,1061DP,1061EG
E39,1061ER,1061HT
E39,1061HW,1061HX
E39,1061JB,1061JE
E39,1061MA,1061MK
E40,1056BH,1056BR
E40,1056EC,1056ED
E40,1056ET,1056GB
E40,1056GJ,1056GW
E40,1056HD,1056HH
E40,1056HM,1056HP
E40,1056HT,1056JL
E40,1056JR,1056KZ
E40,1056LB,1056LB
E40,1056LV,1056LV
E40,1056TH,1056VZ
E40,1056WB,1056WL
E40,1056WN,1056WT
E41,1056AA,1056AB
E41,1056BS,1056CB
E41,1056CH,1056CH
E41,1056CL,1056CS
E41,1056DA,1056DD
E41,1056DL,1056EB
E41,1056ED,1056EL
E41,1056ND,1056NW
E41,1056PE,1056PM
E41,1056PW,1056RA
E41,1056RG,1056TG
E42,1057AA,1057BK
E42,1057BN,1057CK
E42,1057CM,1057DZ
E42,1057EB,1057EW
E42,1057KE,1057KG
E42,1057KN,1057KP
E42,1057PV,1057VZ
E42,1057WB,1057WL
E42,1057WN,1057WV
E42,1057WX,1057XA
E43,1058AA,1058DX
E43,1058GK,1058GK
E43,1058GP,1058HC
E43,1058VD,1058VZ
E43,1058XA,1058XZ
E75,1057BL,1057BM
E75,1057DT,1057DT
E75,1057EA,1057EA
E75,1057EX,1057KD
E75,1057KH,1057KH
E75,1057NE,1057NE
E75,1057PJ,1057PT
E75,1057XB,1057ZZ
F11,1043AA,1043AA
F11,1043AC,1043AJ
F11,1043AN,1043AR
F11,1043AX,1043AX
F11,1043BA,1043BM
F11,1043BP,1043BP
F11,1043BS,1043BS
F11,1043BW,1043CB
F11,1043CE,1043CE
F11,1043CH,1043CH
F11,1043CM,1043CM
F11,1043CP,1043CR
F11,1043CT,1043CT
F11,1043DE,1043DL
F11,1043DP,1043DW
F11,1043DZ,1043EC
F11,1043EH,1043EJ
F11,1043EW,1043EZ
F11,1043GK,1043GR
F11,1043GV,1043GW
F11,1043HP,1043HS
F11,1043NT,1043NV
F11,1043NX,1043NZ
F11,1046AA,1046AW
F11,1046AZ,1046BH
F11,1046BL,1046BS
F11,1046BV,1046BV
F11,1046BZ,1046CC
F11,1046CG,1046CK
F11,1046PP,1046PP
F11,1047AC,1047AG
F11,1047AV,1047AW
F11,1047AZ,1047AZ
F76,1063AA,1063AV
F76,1063AX,1063BK
F76,1063BR,1063CZ
F76,1063EA,1063HD
F76,1063HH,1063JM
F76,1063JP,1063KK
F76,1063KP,1063KR
F76,1063MA,1063MD
F76,1063MG,1063ML
F76,1063SR,1063VZ
F76,1063XA,1063ZZ
F77,1063BK,1063BP
F77,1063JN,1063JN
F77,1063KS,1063LZ
F77,1063ME,1063ME
F77,1063NA,1063PG
F77,1063PJ,1063PW
F77,1064AA,1064DM
F77,1064EA,1064GS
F77,1064GV,1064LZ
F77,1064MB,1064ML
F77,1064MN,1064MV
F77,1064NA,1064NR
F77,1064PA,1064PC
F77,1064PE,1064PJ
F77,1064PX,1064VZ
F77,1064XB,1064XJ
F77,1064ZB,1064ZB
F77,1064ZD,1064ZD
F77,1064ZG,1064ZZ
F77,1067PJ,1067PJ
F78,1067AA,1067BA
F78,1067BC,1067BJ
F78,1067BL,1067CH
F78,1067CP,1067CP
F78,1067CS,1067CS
F78,1067DB,1067DJ
F78,1067DW,1067EA
F78,1067ED,1067ED
F78,1067EH,1067EH
F78,1067EM,1067EM
F78,1067EP,1067GB
F78,1067GE,1067HN
F78,1067HX,1067JM
F78,1067JP,1067LZ
F78,1067MB,1067MB
F78,1067MD,1067ML
F78,1067MN,1067MN
F78,1067MT,1067MT
F78,1067MX,1067NW
F78,1067PB,1067PR
F78,1067PT,1067PZ
F78,1067RB,1067RC
F78,1067RG,1067RL
F78,1067RV,1067SK
F78,1067TN,1067TN
F78,1067XA,1067ZZ
F79,1063LE,1063LE
F79,1067HP,1067HV
F79,1067MC,1067MC
F79,1067TE,1067TE
F79,1067TP,1067VZ
F79,1067WB,1067WL
F79,1067WN,1067WV
F80,1060LG,1060LJ
F80,1067BB,1067BB
F80,1067MP,1067MP
F80,1067MV,1067MV
F80,1067SL,1067TE
F80,1067TH,1067TM
F80,1067WZ,1067WZ
F80,1068ZX,1068ZX
F81,1068AA,1068GL
F81,1068GR,1068GR
F81,1068GT,1068GZ
F81,1068HP,1068HP
F81,1068HV,1068LA
F81,1068LD,1068ML
F81,1068MN,1068MV
F81,1068MX,1068NR
F81,1068NT,1068PE
F81,1068PH,1068PR
F81,1068RA,1068TD
F81,1068TG,1068TG
F81,1068VM,1068VZ
F81,1068WB,1068WL
F81,1068WN,1068WV
F81,1068WX,1068ZJ
F81,1068ZT,1068ZZ
F82,1069AA,1069AG
F82,1069AJ,1069AJ
F82,1069AL,1069AL
F82,1069AT,1069AT
F82,1069BB,1069BX
F82,1069CL,1069CL
F82,1069CW,1069DA
F82,1069DG,1069DZ
F82,1069EB,1069EB
F82,1069GA,1069GA
F82,1069GV,1069GV
F82,1069GZ,1069GZ
F82,1069HB,1069HB
F82,1069HD,1069HD
F82,1069HK,1069HK
F82,1069HM,1069HR
F82,1069HT,1069HV
F82,1069HX,1069JA
F82,1069JC,1069JC
F82,1069JR,1069JR
F82,1069JT,1069JT
F82,1069KA,1069KB
F82,1069KD,1069KG
F82,1069KJ,1069KJ
F82,1069KS,1069KS
F82,1069KV,1069KW
F82,1069LA,1069LH
F82,1069LK,1069LK
F82,1069LM,1069LM
F82,1069MP,1069MV
F82,1069MX,1069MZ
F82,1069RA,1069RL
F82,1069RN,1069RN
F82,1069RR,1069RV
F82,1069SC,1069SH
F82,1069SR,1069SR
F82,1069SZ,1069SZ
F82,1069TD,1069TD
F82,1069XG,1069ZR
F82,1069ZT,1069ZT
F82,1069ZW,1069ZW
F82,1069ZZ,1069ZZ
F83,1069BZ,1069CG
F83,1069EA,1069EA
F83,1069EC,1069EZ
F83,1069GB,1069GT
F83,1069PC,1069PC
F83,1069RM,1069RM
F83,1069TK,1069TK
F83,1069TM,1069VZ
F83,1069WB,1069WL
F83,1069WN,1069WV
F83,1069WX,1069WZ
F83,1069ZR,1069ZR
F84,1060LP,1060LZ
F84,1060MB,1060ML
F84,1060MN,1060MV
F84,1060MX,1060MZ
F84,1060NB,1060TZ
F84,1066ER,1066ER
F84,1069LL,1069LL
F84,1069LN,1069LN
F84,1069LR,1069LW
F84,1069MC,1069ML
F84,1069MN,1069MN
F84,1069NB,1069PB
F84,1069PD,1069PX
F85,1062HD,1062HD
F85,1064NS,1064NZ
F85,1064PK,1064PR
F85,1064WB,1064WJ
F85,1064WN,1064WV
F85,1064WX,1064WZ
F85,1065AA,1065CJ
F85,1065DA,1065DA
F85,1065HT,1065HZ
F85,1065JB,1065JH
F85,1065JR,1065KG
F85,1065RA,1065RA
F85,1065TV,1065VD
F85,1065VG,1065VZ
F85,1065XA,1065XZ
F86,1057BW,1057BW
F86,1057NG,1057NV
F86,1057NX,1057PH
F86,1058EA,1058ET
F86,1061AA,1061AZ
F86,1061SB,1061SE
F86,1061SR,1061ST
F86,1061SW,1061TA
F86,1061TC,1061VC
F86,1061VG,1061VH
F86,1061VK,1061VL
F86,1061VP,1061VZ
F86,1061WB,1061WB
F86,1061XA,1061XZ
F86,1062AA,1062CC
F86,1062CG,1062CG
F86,1062CJ,1062DN
F86,1062DR,1062DR
F86,1062JN,1062JX
F87,1058GA,1058GD
F87,1058LV,1058LV
F87,1058LX,1058LZ
F87,1058NP,1058NP
F87,1059EP,1059GL
F87,1059TT,1059VM
F87,1059WB,1059WE
F87,1062EA,1062EG
F87,1062EP,1062ES
F87,1062EV,1062EV
F87,1062GA,1062GA
F87,1062GD,1062HZ
F87,1062JB,1062JB
F87,1062KA,1062KM
F87,1062KR,1062LC
F87,1062XA,1062ZA
F88,1066BS,1066DA
F88,1066DC,1066DJ
F88,1066DZ,1066DZ
F88,1066EC,1066EC
F88,1066EE,1066EW
F88,1066EZ,1066GB
F88,1066GD,1066KN
F88,1066KR,1066LG
F88,1066LK,1066LL
F88,1066LN,1066LP
F88,1066LS,1066ML
F88,1066MN,1066MV
F88,1066MX,1066PE
F88,1066PJ,1066RD
F88,1066SB,1066TC
F88,1066TE,1066TM
F88,1066VH,1066VH
F88,1066WB,1066WE
F88,1066WH,1066WL
F88,1066WN,1066WV
F88,1066WX,1066WZ
F89,1062HD,1062HD
F89,1065CK,1065CZ
F89,1065DB,1065DC
F89,1065DZ,1065GJ
F89,1065GN,1065HS
F89,1065JA,1065JA
F89,1065JJ,1065JJ
F89,1065JM,1065JP
F89,1065KH,1065LH
F89,1065LK,1065LZ
F89,1065MB,1065MB
F89,1065NK,1065NS
F89,1065SH,1065TT
F89,1066AA,1066AZ
F89,1066BB,1066BH
F89,1066BM,1066BR
F89,1066CX,1066CX
F89,1066DM,1066DX
F89,1066EA,1066EA
F89,1066EC,1066EC
F89,1066TW,1066TZ
F89,1066VB,1066VE
F89,1066VH,1066VH
F89,1066VW,1066VZ
F89,1066XA,1066XZ
K23,1076AV,1076AV
K23,1076CR,1076CR
K23,1076EC,1076EE
K23,1077DG,1077DG
K23,1077WM,1077WM
K23,1077WT,1077WW
K23,1077WZ,1077WZ
K23,1077XV,1077XZ
K23,1077ZX,1077ZZ
K23,1078GZ,1078GZ
K23,1078KK,1078KK
K23,1078RV,1078RV
K23,1081BT,1081BT
K23,1081HV,1081HV
K23,1081HX,1081HZ
K23,1081JC,1081JD
K23,1081LA,1081LC
K23,1082LS,1082LS
K23,1082LZ,1082MA
K23,1082MC,1082MG
K23,1082MJ,1082MK
K23,1082MM,1082MM
K23,1082MP,1082MV
K23,1082MX,1082MZ
K23,1082PP,1082PR
K23,1083AD,1083AD
K23,1083HJ,1083HJ
K23,1083HM,1083HP
K24,1072AA,1072AT
K24,1072BB,1072CZ
K24,1072EA,1072GB
K24,1072HL,1072HL
K24,1072HR,1072HR
K24,1072LA,1072LE
K24,1072LJ,1072LR
K24,1072LZ,1072LZ
K24,1072MB,1072MB
K24,1072MH,1072MH
K24,1072MK,1072ML
K24,1072MN,1072MN
K24,1072NA,1072NV
K24,1072NX,1072PB
K24,1072TJ,1072VZ
K24,1072XA,1072ZA
K24,1073AA,1073AD
K24,1073AT,1073CX
K24,1073EJ,1073EK
K24,1073LL,1073LP
K24,1073VE,1073VZ
K24,1073XA,1073XZ
K24,1074AA,1074AD
K24,1074AV,1074BC
K24,1074BE,1074BT
K24,1074CA,1074CZ
K24,1074HP,1074HT
K24,1074JH,1074JH
K24,1074XN,1074XZ
K25,1072AV,1072AZ
K25,1072DA,1072DA
K25,1072GC,1072HK
K25,1072HM,1072HP
K25,1072HS,1072HV
K25,1072JA,1072KA
K25,1072KD,1072KK
K25,1072KN,1072KP
K25,1072KV,1072KZ
K25,1072LG,1072LH
K25,1072LS,1072LW
K25,1072MA,1072MA
K25,1072ME,1072MG
K25,1072PC,1072PJ
K25,1072PL,1072PN
K25,1072RA,1072RG
K25,1072RS,1072RX
K25,1072SB,1072TH
K25,1073AE,1073AE
K25,1073AR,1073AR
K25,1073CZ,1073CZ
K25,1073EA,1073EH
K25,1073EL,1073GM
K25,1073LR,1073LW
K25,1073RP,1073RZ
K25,1073SG,1073SW
K25,1073TB,1073TB
K25,1073TG,1073VD
K25,1074AE,1074AK
K25,1074DA,1074DB
K25,1074EA,1074EZ
K25,1074HV,1074HZ
K25,1074JH,1074JM
K25,1074VG,1074VJ
K25,1074VP,1074VZ
K25,1074XA,1074XM
K26,1073AG,1073AP
K26,1073AS,1073AS
K26,1073GN,1073JX
K26,1073KA,1073KD
K26,1073KG,1073LK
K26,1073LX,1073LZ
K26,1073NA,1073ND
K26,1073PW,1073RR
K26,1073SB,1073SE
K26,1073SW,1073SZ
K26,1073TC,1073TE
K26,1074AL,1074AT
K26,1074BD,1074BD
K26,1074GA,1074GA
K26,1074GC,1074GD
K26,1074GG,1074GS
K26,1074GX,1074HN
K26,1074HZ,1074JH
K26,1074SP,1074TC
K26,1074TK,1074VE
K26,1074VK,1074VN
K44,1058GH,1058GJ
K44,1058GL,1058GN
K44,1058HD,1058LT
K44,1058NA,1058NP
K44,1058PB,1058PD
K44,1058SB,1058VC
K44,1059AA,1059CZ
K44,1059EA,1059EN
K44,1059SP,1059TS
K44,1059VN,1059VZ
K44,1059XA,1059XZ
K45,1075KA,1075KA
K45,1075KH,1075KH
K45,1075KV,1075LC
K45,1075PR,1075PR
K45,1075RJ,1075RJ
K45,1075RM,1075TZ
K45,1075VB,1075VP
K45,1075VS,1075VS
K45,1075XH,1075XZ
K46,1071MG,1071MG
K46,1071NP,1071NP
K46,1075AA,1075CZ
K46,1075EA,1075HW
K46,1075KJ,1075KL
K46,1075NB,1075NE
K46,1075NL,1075NT
K46,1075NX,1075NX
K46,1075PA,1075PE
K46,1075PJ,1075PP
K46,1075PS,1075RH
K46,1075VR,1075VR
K46,1075VT,1075VZ
K46,1075XA,1075XA
K47,1071AA,1071ML
K47,1071MN,1071MV
K47,1071MX,1071NV
K47,1071NX,1071SZ
K47,1071TC,1071VZ
K47,1071WB,1071WL
K47,1071WN,1071WV
K47,1071WX,1071ZZ
K48,1075KM,1075KN
K48,1075KT,1075KT
K48,1075LD,1075LZ
K48,1075NG,1075NK
K48,1075NT,1075NV
K48,1075NZ,1075NZ
K48,1075PG,1075PH
K48,1075XA,1075XG
K48,1076AA,1076AS
K48,1076BJ,1076CK
K48,1076CM,1076CW
K48,1076CZ,1076CZ
K48,1076DE,1076DE
K48,1076DK,1076DZ
K48,1076EL,1076EL
K48,1076EP,1076EX
K48,1076GR,1076GW
K48,1076HR,1076JV
K48,1076KJ,1076LZ
K48,1076NA,1076NH
K48,1076NM,1076NV
K48,1076NX,1076VZ
K48,1076XA,1076XZ
K48,1077CL,1077CL
K49,1077AA,1077CX
K49,1077DA,1077DD
K49,1077DH,1077HZ
K49,1077JG,1077JW
K49,1077KA,1077KJ
K49,1077LB,1077ML
K49,1077MN,1077MV
K49,1077MX,1077NT
K49,1077NX,1077PL
K49,1077PN,1077VZ
K49,1077WB,1077WL
K49,1077WN,1077WS
K49,1077ZA,1077ZW
K52,1078AP,1078BG
K52,1078BP,1078BR
K52,1078BV,1078BX
K52,1078DB,1078ED
K52,1078EP,1078GZ
K52,1078HC,1078ML
K52,1078MN,1078MV
K52,1078MX,1078PD
K52,1078PH,1078PH
K52,1078RD,1078RD
K52,1078VG,1078VZ
K52,1078XA,1078XZ
K52,1079AA,1079BE
K52,1079BK,1079BM
K52,1079CH,1079CJ
K52,1079CP,1079DE
K52,1079DP,1079DS
K52,1079EA,1079EC
K52,1079EL,1079EM
K52,1079ET,1079GB
K52,1079GH,1079GK
K52,1079GT,1079GV
K52,1079HJ,1079HR
K52,1079KJ,1079KM
K52,1079MC,1079ML
K52,1079MN,1079MV
K52,1079MX,1079MZ
K52,1079NS,1079NV
K52,1079NX,1079NX
K52,1079PA,1079RH
K52,1079RK,1079RK
K52,1079RM,1079RW
K52,1079TW,1079TW
K52,1079TZ,1079TZ
K52,1079VR,1079VV
K52,1079WC,1079WD
K53,1078AA,1078AP
K53,1078BH,1078BP
K53,1078BS,1078BT
K53,1078BZ,1078DA
K53,1078EE,1078EN
K53,1078HA,1078HB
K53,1078PD,1078RT
K53,1078RW,1078RW
K53,1078SR,1078VE
K53,1078WB,1078WB
K54,1079BE,1079BJ
K54,1079BN,1079CG
K54,1079CK,1079CN
K54,1079DG,1079DN
K54,1079DT,1079DZ
K54,1079ED,1079EK
K54,1079EN,1079ES
K54,1079GC,1079GG
K54,1079GL,1079GS
K54,1079GW,1079HH
K54,1079HS,1079HW
K54,1079JA,1079JW
K54,1079KA,1079KH
K54,1079KN,1079LH
K54,1079LK,1079MB
K54,1079NB,1079NR
K54,1079PA,1079PA
K54,1079RJ,1079RL
K54,1079SK,1079SK
K54,1079SR,1079TV
K54,1079TX,1079TX
K54,1079VA,1079VP
K54,1079VW,1079VZ
K54,1079WB,1079WB
K54,1079WE,1079WL
K54,1079WN,1079WV
K54,1079WX,1079XD
K54,1079XJ,1079ZZ
K59,1076AT,1076BH
K59,1076DA,1076DA
K59,1077DE,1077DG
K59,1077JA,1077JE
K59,1077JX,1077JZ
K59,1077KK,1077LA
K59,1077NV,1077NV
K59,1077PM,1077PM
K59,1077VX,1077VX
K59,1077WX,1077WX
K59,1077XA,1077XM
K59,1077XP,1077XR
K90,1081AA,1081DA
K90,1081EA,1081HT
K90,1081JA,1081JB
K90,1081JD,1081JX
K90,1081KA,1081KM
K90,1081KP,1081KS
K90,1082AG,1082AM
K90,1082AS,1082CW
K90,1082DB,1082DD
K90,1082EB,1082GB
K90,1082GM,1082KN
K90,1082KR,1082KR
K90,1082KT,1082LB
K90,1082LD,1082LP
K90,1082LT,1082LX
K90,1082RA,1082VZ
K90,1082XC,1082XZ
K91,1082AA,1082AE
K91,1082AN,1082AR
K91,1082EA,1082EA
K91,1082GC,1082GG
K91,1082GK,1082GL
K91,1082MB,1082MB
K91,1082MH,1082MH
K91,1082NA,1082NA
K91,1082NC,1082NV
K91,1082PA,1082PB
K91,1083AA,1083CN
K91,1083CR,1083DG
K91,1083EA,1083EN
K91,1083GA,1083GX
K91,1083HA,1083HJ
K91,1083HL,1083HL
K91,1083HZ,1083JR
K91,1083KA,1083KE
K91,1083MA,1083MA
K91,1083ME,1083MG
K91,1083TC,1083VZ
K91,1083XD,1083XZ
M27,1091BP,1091BS
M27,1091CB,1091CD
M27,1091CJ,1091CL
M27,1091CR,1091CW
M27,1091DA,1091DA
M27,1091EA,1091ET
M27,1091EW,1091GB
M27,1091GH,1091GH
M27,1091GL,1091GW
M27,1091HB,1091HC
M27,1091KP,1091KV
M27,1091RA,1091RJ
M27,1091RP,1091SM
M27,1091ST,1091TT
M27,1091VG,1091VG
M28,1091AA,1091BL
M28,1091BT,1091BZ
M28,1091CE,1091CH
M28,1091CM,1091CP
M28,1091CW,1091CZ
M28,1091DB,1091DZ
M28,1091GC,1091GL
M28,1091GX,1091HA
M28,1091HC,1091HC
M28,1091HG,1091KN
M28,1091ML,1091ML
M28,1091MR,1091MS
M28,1091MX,1091MZ
M28,1091TV,1091VL
M28,1092AA,1092CL
M28,1092CS,1092CS
M28,1092CW,1092CZ
M28,1092EA,1092EV
M28,1092LA,1092LC
M28,1092MA,1092MA
M28,1092SB,1092SE
M28,1092TA,1092VA
M29,1092AD,1092AD
M29,1093AA,1093AA
M29,1093AD,1093AG
M29,1093AS,1093AW
M29,1093BA,1093BB
M29,1093BG,1093BK
M29,1093BP,1093BP
M29,1093BS,1093CH
M29,1093CL,1093CS
M29,1093CV,1093CV
M29,1093CX,1093CZ
M29,1093DC,1093DM
M29,1093EA,1093EL
M29,1093EN,1093HZ
M29,1093JB,1093JG
M29,1093JK,1093KP
M29,1093KS,1093KS
M29,1093LA,1093LA
M29,1093LC,1093LC
M29,1093LE,1093LE
M29,1093MA,1093ME
M29,1093MJ,1093MK
M29,1093NA,1093NB
M29,1093NE,1093NK
M29,1093NM,1093NP
M29,1093RP,1093RW
M29,1093RZ,1093SC
M29,1093SH,1093TS
M29,1093TV,1093TV
M29,1093TX,1093TX
M29,1093VA,1093VZ
M29,1093WZ,1093XA
M29,1093XC,1093XD
M29,1093XG,1093XS
M29,1093XV,1093XV
M29,1093XX,1093ZB
M30,1091KW,1091LZ
M30,1091MD,1091MH
M30,1091NA,1091NK
M30,1091NN,1091PT
M30,1091PW,1091PX
M30,1091VM,1091VZ
M30,1091WS,1091WV
M30,1091WX,1091WZ
M30,1091XB,1091XK
M30,1091XM,1091ZC
M30,1091ZE,1091ZE
M30,1092CM,1092CR
M30,1092EW,1092KA
M30,1092KC,1092KP
M30,1092KS,1092KS
M30,1092KZ,1092KZ
M30,1092SW,1092SX
M30,1092VB,1092VZ
M30,1092XA,1092XD
M30,1092XG,1092XH
M30,1092XP,1092XZ
M31,1094AA,1094BC
M31,1094BG,1094BJ
M31,1094BP,1094BV
M31,1094BX,1094BX
M31,1094CA,1094CG
M31,1094CJ,1094CZ
M31,1094EA,1094EJ
M31,1094EL,1094ET
M31,1094EW,1094GT
M31,1094GX,1094JC
M31,1094JE,1094LZ
M31,1094ME,1094MH
M31,1094MK,1094MK
M31,1094NA,1094PG
M31,1094PJ,1094PT
M31,1094PW,1094RE
M31,1094RH,1094RH
M31,1094RK,1094RL
M31,1094RN,1094TL
M31,1094TR,1094TS
M31,1094TV,1094TV
M31,1094TX,1094TX
M31,1094VA,1094VA
M31,1094XB,1094ZD
M32,1095AA,1095BD
M32,1095BJ,1095CD
M32,1095CH,1095CS
M32,1095CV,1095DK
M32,1095DM,1095DX
M32,1095EA,1095EA
M32,1095EC,1095EG
M32,1095EJ,1095GL
M32,1095GP,1095GP
M32,1095GT,1095HC
M32,1095HG,1095HH
M32,1095HK,1095KE
M32,1095KH,1095KH
M32,1095KS,1095KW
M32,1095LA,1095LJ
M32,1095RP,1095RP
M32,1095RZ,1095RZ
M32,1095SC,1095SK
M32,1095ST,1095SV
M32,1095SZ,1095TA
M32,1095TD,1095TJ
M32,1095TL,1095TV
M32,1095VA,1095VZ
M32,1095WB,1095WB
M32,1095WE,1095WJ
M32,1095XA,1095XC
M32,1095XE,1095XJ
M32,1095XL,1095ZA
M33,1019AA,1019AK
M33,1019AP,1019AP
M33,1019AS,1019AZ
M33,1019BB,1019BB
M33,1019BD,1019BR
M33,1019BV,1019CV
M33,1019CX,1019HZ
M33,1019JC,1019JL
M33,1019JN,1019JN
M33,1019JR,1019JR
M33,1019JT,1019MK
M33,1019MN,1019MS
M33,1019NA,1019NE
M33,1019NH,1019NJ
M33,1019NL,1019NN
M33,1019PA,1019SL
M33,1019SZ,1019TT
M33,1019TW,1019TZ
M33,1019VC,1019VC
M33,1019VE,1019VE
M33,1019VK,1019VK
M33,1019WB,1019WG
M33,1019WJ,1019WL
M33,1019WN,1019WN
M33,1019WR,1019WV
M33,1019WX,1019XH
M34,1087BX,1087BZ
M34,1087SM,1087SM
M34,1095KG,1095KG
M34,1095KJ,1095KL
M34,1095KN,1095KP
M34,1095KX,1095KZ
M34,1095MA,1095ME
M34,1095MJ,1095MX
M35,1086VA,1086VJ
M35,1086VL,1086VL
M35,1086WB,1086WC
M35,1086WE,1086WH
M35,1086XK,1086XK
M35,1086XP,1086ZM
M35,1086ZP,1086ZV
M35,1087AT,1087AZ
M35,1087BB,1087BC
M35,1087BE,1087BE
M35,1087BN,1087BW
M35,1087CB,1087CN
M35,1087DA,1087DC
M35,1087DE,1087DS
M35,1087EB,1087ED
M35,1087EG,1087ER
M35,1087GC,1087GE
M35,1087GJ,1087GN
M35,1087GT,1087GT
M35,1087GX,1087HA
M35,1087HC,1087HC
M35,1087HE,1087HE
M35,1087HH,1087HJ
M35,1087HM,1087HM
M35,1087JA,1087JK
M35,1087JT,1087JW
M35,1087KA,1087KJ
M50,1087HP,1087HP
M50,1087VA,1087VA
M51,1087HN,1087HX
M51,1087KK,1087KR
M51,1087LA,1087LH
M51,1087LL,1087LS
M51,1087MA,1087ML
M51,1087MN,1087MS
M51,1087NA,1087NJ
M51,1087SB,1087SL
M55,1097AA,1097DX
M55,1097EB,1097GK
M55,1097GN,1097HJ
M55,1097HL,1097HT
M55,1097HW,1097JG
M55,1097JR,1097JS
M55,1097JV,1097LX
M55,1097MB,1097ML
M55,1097MN,1097MV
M55,1097MX,1097NV
M55,1097NX,1097SL
M55,1097ST,1097ST
M56,1098AA,1098CZ
M56,1098EA,1098LZ
M56,1098NA,1098SH
M56,1098SK,1098TZ
M56,1098VC,1098VK
M56,1098VM,1098VM
M56,1098VS,1098VZ
M56,1098WB,1098WL
M56,1098WN,1098WT
M56,1098XA,1098XL
M57,1097EC,1097EC
M57,1097GA,1097GA
M57,1097HK,1097HK
M57,1097HV,1097HV
M57,1097SM,1097VZ
M57,1097WB,1097WL
M57,1097WN,1097WV
M57,1097WX,1097ZZ
M58,1096AA,1096AD
M58,1096AH,1096AN
M58,1096AS,1096AS
M58,1096BA,1096BA
M58,1096BC,1096BE
M58,1096BH,1096BL
M58,1096BN,1096BP
M58,1096CJ,1096CK
M58,1096CN,1096CN
M58,1096CR,1096CR
M58,1096DA,1096DS
M58,1096DV,1096DV
M58,1096GB,1096GL
M58,1096HA,1096HA
M58,1096HH,1096HM
M58,1096HP,1096HZ
M58,1097DZ,1097DZ
M58,1097EB,1097EB
N60,1031AA,1031CG
N60,1031CJ,1031CL
N60,1031CN,1031CX
N60,1031DA,1031DB
N60,1031EA,1031GH
N60,1031GK,1031HC
N60,1031HE,1031HG
N60,1031JA,1031JE
N60,1031KT,1031KT
N60,1031TM,1031VZ
N60,1031XA,1031XX
N60,1032AA,1032CX
N60,1032EA,1032EV
N60,1032GA,1032JX
N60,1032KH,1032KH
N60,1032VA,1032VC
N60,1032VS,1032VZ
N60,1032XB,1032XZ
N60,1032ZB,1032ZD
N60,1032ZG,1032ZG
N61,1021BM,1021BZ
N61,1021CE,1021CZ
N61,1021EA,1021GP
N61,1021GS,1021GS
N61,1021GV,1021GZ
N61,1021HB,1021HC
N61,1021HG,1021JK
N61,1021JR,1021JR
N61,1021LA,1021LZ
N61,1021NA,1021NB
N61,1021ND,1021PA
N61,1021PC,1021PK
N61,1021PM,1021PT
N61,1021PW,1021PX
N61,1021RA,1021RB
N61,1021TR,1021VZ
N61,1022AB,1022AE
N61,1022AH,1022BL
N61,1022BN,1022BP
N61,1022CA,1022CC
N61,1022WZ,1022XB
N61,1022XD,1022XZ
N61,1025LZ,1025LZ
N61,1025WD,1025WE
N61,1025WN,1025WN
N62,1023AA,1023BH
N62,1023CB,1023CX
N62,1023EA,1023ER
N62,1023SP,1023VZ
N62,1023XA,1023XZ
N62,1023ZB,1023ZE
N63,1025MB,1025MB
N63,1025NA,1025NV
N63,1025NX,1025PX
N63,1025RA,1025RV
N63,1025XW,1025XW
N64,1022AM,1022AM
N64,1023AA,1023AA
N64,1023AD,1023AD
N64,1023BJ,1023BV
N64,1023CA,1023CA
N64,1023SP,1023SP
N64,1023TL,1023TL
N64,1025KW,1025KX
N64,1025LA,1025LZ
N64,1025PR,1025PR
N64,1025PV,1025PV
N64,1025RW,1025RX
N64,1025WB,1025WE
N64,1025XA,1025XA
N64,1034ZD,1034ZJ
N65,1033AD,1033BT
N65,1033BW,1033BW
N65,1033CA,1033DA
N65,1033DC,1033JR
N65,1033JT,1033JX
N65,1033KA,1033MJ
N65,1033NM,1033NM
N65,1033NS,1033NV
N65,1033PA,1033PE
N65,1033PH,1033PZ
N65,1033RJ,1033RL
N65,1033RN,1033RS
N65,1033SV,1033SV
N65,1033SX,1033SZ
N65,1033TB,1033VZ
N65,1033XA,1033XZ
N65,1036KC,1036KT
N65,1036LA,1036LG
N65,1036LJ,1036LL
N65,1036LZ,1036LZ
N66,1033AA,1033AC
N66,1033BW,1033BZ
N66,1033WD,1033WL
N66,1033WN,1033WV
N66,1033WX,1033WZ
N66,1033ZA,1033ZZ
N66,1035AA,1035BW
N66,1035CA,1035CZ
N66,1035EA,1035EX
N66,1035GE,1035GE
N66,1035HA,1035HA
N66,1035HC,1035HV
N66,1035HX,1035JE
N66,1035JH,1035JH
N66,1035JN,1035KS
N66,1035KV,1035KX
N66,1035LA,1035LD
N66,1035MA,1035MA
N66,1035NV,1035NV
N66,1035NX,1035NX
N66,1035PC,1035PK
N66,1035PM,1035PR
N66,1035RA,1035RA
N66,1035RD,1035RJ
N66,1035RN,1035RP
N66,1035XK,1035XZ
N66,1037RK,1037RK
N66,1037RP,1037RS
N67,1034VG,1034VG
N67,1034ZC,1034ZC
N67,1035BX,1035BX
N67,1035MZ,1035MZ
N67,1035NB,1035NH
N67,1035NL,1035NT
N67,1035NW,1035NW
N67,1035PS,1035PX
N67,1035RL,1035RM
N67,1035RT,1035RT
N67,1035RW,1035RX
N67,1035SB,1035SN
N67,1035SR,1035TJ
N67,1035TL,1035TP
N67,1035TS,1035TZ
N67,1035VB,1035VN
N67,1035VR,1035VZ
N67,1035XA,1035XJ
N68,1024AA,1024BX
N68,1024CG,1024DC
N68,1024EA,1024EB
N68,1024EH,1024HA
N68,1024HL,1024HM
N68,1024HV,1024HX
N68,1024JB,1024LR
N68,1024LT,1024LT
N68,1024LW,1024MK
N68,1024NA,1024PZ
N68,1024RS,1024SP
N68,1024TJ,1024VL
N68,1024VR,1024VZ
N68,1024WC,1024WC
N68,1024WE,1024WE
N68,1024XA,1024XB
N68,1024XJ,1024XJ
N68,1024XR,1024XS
N69,1025AA,1025AT
N69,1025AW,1025CD
N69,1025CJ,1025KV
N69,1025MC,1025MC
N69,1025ME,1025MK
N69,1025PZ,1025PZ
N69,1025RZ,1025VR
N69,1025VV,1025VZ
N69,1025WP,1025WV
N69,1025WX,1025WZ
N69,1025XB,1025XJ
N69,1025XL,1025XL
N69,1025XR,1025XV
N69,1025XX,1025ZZ
N70,1034AA,1034AC
N70,1034BB,1034BG
N70,1034BK,1034BX
N70,1034CA,1034CH
N70,1034CK,1034CN
N70,1034CR,1034CS
N70,1034DA,1034DD
N70,1034DG,1034DG
N70,1034DK,1034DN
N70,1034DR,1034DW
N70,1034EC,1034GJ
N70,1034HC,1034HW
N70,1034JA,1034JP
N70,1034JW,1034JZ
N70,1034KC,1034KE
N70,1034KL,1034ML
N70,1034MN,1034MV
N70,1034MX,1034TV
N70,1034VA,1034VD
N70,1034VW,1034VZ
N70,1034WB,1034WL
N70,1034WN,1034WV
N70,1034WX,1034WZ
N70,1034XC,1034ZC
N70,1034ZJ,1034ZM
N70,1034ZP,1034ZP
N71,1031HD,1031HD
N71,1031HH,1031HH
N71,1031HL,1031HR
N71,1031HT,1031HX
N71,1031JR,1031JR
N71,1031JV,1031JX
N71,1031KA,1031KD
N71,1031KG,1031KG
N71,1031KN,1031KP
N71,1031KS,1031KT
N71,1032HZ,1032HZ
N71,1032JZ,1032KB
N71,1032KD,1032KE
N71,1032KH,1032KL
N71,1032KN,1032KX
N71,1032LA,1032LM
N71,1032LP,1032LT
N71,1032ZG,1032ZG
N71,1033ML,1033ML
N71,1033MN,1033MV
N71,1033MX,1033MZ
N71,1033NN,1033NP
N71,1033NW,1033NZ
N71,1033PG,1033PG
N71,1033RA,1033RH
N71,1033RM,1033RM
N71,1033RT,1033ST
N71,1033SW,1033SW
N71,1033WB,1033WC
N71,1033WM,1033WM
N71,1034ZA,1034ZA
N72,1021JK,1021JN
N72,1021JR,1021JZ
N72,1021KB,1021KG
N72,1021KL,1021KR
N72,1022AB,1022AB
N72,1022AG,1022AG
N72,1022WV,1022WV
N72,1022WX,1022WZ
N72,1022XE,1022XE
N72,1023BX,1023BX
N73,1023NA,1023NP
N73,1023NT,1023PB
N73,1026BW,1026CR
N73,1027AA,1027AZ
N73,1027EA,1027EA
N73,1027ED,1027EE
N73,1027EZ,1027EZ
N73,1027GB,1027GC
N73,1027GE,1027GE
N73,1028AX,1028BV
N74,1022KB,1022KL
N74,1022LA,1022LB
N74,1022LD,1022LD
N74,1022MA,1022MA
N74,1025ML,1025ML
N74,1025MN,1025MV
N74,1025MX,1025MZ
N74,1025VS,1025VS
N74,1025WH,1025WK
N74,1025WM,1025WM
T92,1101AA,1101AA
T92,1101AE,1101AK
T92,1101AM,1101AX
T92,1101BA,1101BH
T92,1101BK,1101CT
T92,1101CX,1101CX
T92,1101DJ,1101DJ
T92,1101DL,1101DM
T92,1101DS,1101DS
T92,1101DZ,1101EE
T92,1101EJ,1101EJ
T92,1101EM,1101EP
T92,1101EX,1101GC
T92,1101GE,1101GH
T92,1101HE,1101HG
T92,1105AA,1105AA
T92,1105AC,1105AC
T92,1105AE,1105AJ
T92,1105AL,1105AL
T92,1105AN,1105AT
T92,1105AX,1105BA
T92,1105BC,1105BK
T92,1105BM,1105BR
T92,1105BV,1105BW
T93,1012WJ,1012WJ
T93,1101BE,1101BE
T93,1101DS,1101DT
T93,1101EJ,1101EJ
T93,1102AA,1102AD
T93,1102AG,1102AM
T93,1102AP,1102BH
T93,1102BL,1102BS
T93,1102BV,1102CR
T93,1102CT,1102CX
T93,1102DA,1102DB
T93,1102DD,1102ER
T93,1102GA,1102GR
T93,1102HA,1102HN
T93,1102JA,1102KA
T93,1102LA,1102LC
T93,1102MA,1102MB
T93,1102ME,1102ML
T93,1102MV,1102NP
T93,1102PA,1102PC
T93,1102PE,1102PJ
T93,1102PL,1102PL
T93,1102PN,1102PT
T93,1102RA,1102SX
T93,1102TA,1102VZ
T93,1102WB,1102WB
T93,1102WD,1102WL
T93,1102WN,1102WV
T93,1102WX,1102ZX
T94,1103AA,1103AD
T94,1103AG,1103AK
T94,1103AM,1103BM
T94,1103BZ,1103CX
T94,1103DA,1103DV
T94,1103EA,1103GA
T94,1103GG,1103GJ
T94,1103GL,1103GM
T94,1103GR,1103GT
T94,1103GX,1103GZ
T94,1103JL,1103JP
T94,1103JT,1103ML
T94,1103MN,1103MV
T94,1103MX,1103NB
T94,1103PA,1103RR
T94,1103SB,1103SM
T94,1103TA,1103TX
T94,1104BB,1104BC
T94,1104CA,1104CA
T94,1104CC,1104CE
T94,1104CH,1104CH
T94,1104DA,1104DP
T94,1104EA,1104EA
T94,1104GA,1104HJ
T94,1104HL,1104HX
T94,1104JA,1104JN
T94,1104KB,1104KG
T94,1104KJ,1104KK
T94,1104KM,1104KR
T94,1104KT,1104KT
T94,1104LA,1104LV
T94,1104MA,1104MV
T94,1104MX,1104NP
T94,1104NS,1104PV
T94,1104RA,1104RA
T94,1104SC,1104SH
T94,1104SK,1104VE
T95,1106GZ,1106GZ
T95,1108AA,1108AB
T95,1108AJ,1108AJ
T95,1108AW,1108DX
T95,1108EA,1108EB
T95,1108EL,1108GD
T95,1108GH,1108GM
T95,1108GX,1108HV
T95,1108JA,1108JA
T96,1106AD,1106AH
T96,1106AK,1106AK
T96,1106AM,1106AX
T96,1106BA,1106BK
T96,1106BM,1106CM
T96,1106EA,1106GW
T96,1106GZ,1106LP
T96,1106LT,1106LZ
T96,1106NA,1106RV
T96,1106SB,1106VZ
T96,1106XA,1106XZ
T96,1107EA,1107EC
T96,1107EG,1107EG
T96,1107EJ,1107EJ
T96,1107ES,1107GB
T96,1107GM,1107GV
T96,1107HA,1107HG
T96,1107HR,1107HV
T96,1107HX,1107JA
T96,1107JD,1107JX
T96,1107PA,1107RN
T96,1107RR,1107SX
T96,1107TA,1107TX
T96,1107VA,1107VZ
T96,1107WB,1107WL
T96,1107WN,1107WV
T96,1107WX,1107WZ
T96,1107ZX,1107ZX
T97,1106CN,1106DV
T97,1106MA,1106MD
T97,1106MH,1106MJ
T97,1106ML,1106ML
T97,1106MN,1106MP
T97,1106MS,1106MV
T97,1106MX,1106MX
T97,1106WB,1106WL
T97,1106WN,1106WV
T97,1106WX,1106WX
T97,1106ZA,1106ZT
T97,1107AC,1107AR
T97,1107AV,1107BB
T97,1107BH,1107BL
T97,1107BN,1107DM
T97,1107KB,1107KB
T97,1107KD,1107KP
T97,1107KT,1107KX
T97,1107LA,1107LR
T97,1107NA,1107NH
T97,1107NK,1107NK
T97,1107XA,1107XM
T98,1109AD,1109BN
T98,1109BR,1109BX
T98,1109CB,1109CB
T98,1109CD,1109CE
T98,1109CH,1109CJ
